Session,Participant,Group,Type,HRV_MeanNN,HRV_SDNN,HRV_SDANN1,HRV_SDNNI1,HRV_SDANN2,HRV_SDNNI2,HRV_SDANN5,HRV_SDNNI5,HRV_RMSSD,HRV_SDSD,HRV_CVNN,HRV_CVSD,HRV_MedianNN,HRV_MadNN,HRV_MCVNN,HRV_IQRNN,HRV_SDRMSSD,HRV_Prc20NN,HRV_Prc80NN,HRV_pNN50,HRV_pNN20,HRV_MinNN,HRV_MaxNN,HRV_HTI,HRV_TINN,HRV_ULF,HRV_VLF,HRV_LF,HRV_HF,HRV_VHF,HRV_TP,HRV_LFHF,HRV_LFn,HRV_HFn,HRV_LnHF,Comparison_HRV_MeanNN,Comparison_HRV_SDNN,Comparison_HRV_SDANN1,Comparison_HRV_SDNNI1,Comparison_HRV_SDANN2,Comparison_HRV_SDNNI2,Comparison_HRV_SDANN5,Comparison_HRV_SDNNI5,Comparison_HRV_RMSSD,Comparison_HRV_SDSD,Comparison_HRV_CVNN,Comparison_HRV_CVSD,Comparison_HRV_MedianNN,Comparison_HRV_MadNN,Comparison_HRV_MCVNN,Comparison_HRV_IQRNN,Comparison_HRV_SDRMSSD,Comparison_HRV_Prc20NN,Comparison_HRV_Prc80NN,Comparison_HRV_pNN50,Comparison_HRV_pNN20,Comparison_HRV_MinNN,Comparison_HRV_MaxNN,Comparison_HRV_HTI,Comparison_HRV_TINN,Comparison_HRV_ULF,Comparison_HRV_VLF,Comparison_HRV_LF,Comparison_HRV_HF,Comparison_HRV_VHF,Comparison_HRV_TP,Comparison_HRV_LFHF,Comparison_HRV_LFn,Comparison_HRV_HFn,Comparison_HRV_LnHF
2024-03-12 14:37:02.601394,olkb84nv,GroupC,Baseline,1054.8224852071005,79.51904064272507,9.856796188486717,79.34616752156808,,,,,130.9391670822389,131.32814224396975,0.07538618275388068,0.12413384139847068,1067.0,100.8168,0.09448622305529522,139.0,0.6072975902831396,974.6,1133.4,75.14792899408283,88.16568047337277,879.0,1210.0,16.9,265.625,,0.00036410678682635857,0.007350533051094992,0.05210706020219982,0.002701876635078357,0.06252357667519953,0.14106597114808392,0.11756418045755593,0.833398582951965,-2.954454826885577,,,,,,,,,,,,,,,,,,,,,,,,,,,,,,,,,,,
2024-03-12 14:37:02.601394,olkb84nv,GroupC,Window 1,1028.150289017341,80.09079486075547,8.443322323012628,80.24983332170076,,,,,128.94836265946978,129.3236686809872,0.07789794518980545,0.125417814921506,1045.0,85.9908,0.08228784688995215,133.0,0.6211074976753396,942.4,1096.6,76.878612716763,90.7514450867052,864.0,1160.0,19.22222222222222,265.625,,0.0004123017717955883,0.006100432450759611,0.04354808804128145,0.0013584952658364832,0.05141931752967314,0.14008496641636026,0.1186408677485687,0.8469207708980317,-3.1338894792585914,-26.67219618975946,0.5717542180303923,-1.4134738654740886,0.9036658001326856,,,,,-1.9908044227691164,-2.004473562982554,0.0025117624359247692,0.0012839735230353172,-22.0,-14.826000000000008,-0.01219837616534307,-6.0,0.013809907392200005,-32.200000000000045,-36.80000000000018,1.730683722680169,2.5857646133324295,-15.0,-50.0,2.322222222222223,0.0,,4.8194984969229706e-05,-0.0012501006003353809,-0.008558972160918374,-0.0013433813692418737,-0.011104259145526395,-0.0009810047317236614,0.0010766872910127762,0.013522187946066744,-0.17943465237301437
2024-03-12 14:37:02.601394,olkb84nv,GroupC,Window 2,1037.9476744186047,88.48029909473281,13.358271838191701,86.77949574816994,,,,,134.72421473175385,135.11094194130592,0.0852454331518148,0.12979865753562017,1052.0,89.6973,0.08526359315589353,133.25,0.6567512697765863,956.0,1113.8,78.48837209302324,92.44186046511628,802.0,1241.0,12.285714285714286,304.6875,,0.0023876708484107754,0.00617165618483562,0.033730194401677495,0.0010864104389348476,0.04337593187385874,0.18297126044813683,0.14228296472761373,0.7776246629067947,-3.3893618664600966,-16.87481078849578,8.96125845200774,3.501475649704984,7.4333282266018585,,,,,3.7850476495149508,3.7827996973361735,0.00985925039793413,0.005664816137149489,-15.0,-11.119500000000002,-0.009222629899401688,-5.75,0.0494536794934467,-18.600000000000023,-19.600000000000136,3.340443098940412,4.276179991743504,-77.0,31.0,-4.614285714285712,39.0625,,0.0020235640615844167,-0.001178876866259372,-0.018376865800522328,-0.0016154661961435093,-0.01914764480134079,0.04190528930005291,0.024718784270057803,-0.055773920045170344,-0.4349070395745196
2024-03-12 14:37:02.601394,olkb84nv,GroupC,Window 3,1042.0994152046783,77.93493930428049,14.690788900358493,76.65074620958016,,,,,107.92908892089342,108.24642205276763,0.07478647254491869,0.10356889884608093,1054.0,78.5778,0.07455199240986717,111.5,0.7220939237373056,977.0,1107.0,66.66666666666666,84.7953216374269,791.0,1226.0,14.25,320.3125,,0.00468760350671223,0.04848490927503448,0.06230486619823026,0.0026736161294155666,0.11815099510939255,0.778188161431469,0.41036395190868874,0.5273325556043266,-2.775715747118217,-12.723070002422219,-1.584101338444583,4.833992711871776,-2.6954213119879142,,,,,-23.010078161345476,-23.081720191202123,-0.0005997102089619899,-0.020564942552389748,-13.0,-22.239000000000004,-0.019934230645428055,-27.5,0.11479633345416607,2.3999999999999773,-26.40000000000009,-8.481262327416175,-3.370358835945879,-88.0,16.0,-2.6499999999999986,54.6875,,0.004323496719885871,0.04113437622393949,0.010197805996030436,-2.826050566279029e-05,0.05562741843419301,0.637122190283385,0.2927997714511328,-0.30606602734763844,0.17873907976736003
2024-03-12 14:37:02.601394,olkb84nv,GroupC,Window 4,1029.1271676300578,84.14637033972198,5.348414017654712,84.07822648670502,,,,,113.45622042659615,113.78682938046774,0.08176479349340258,0.11024509311892974,1042.0,78.5778,0.075410556621881,115.0,0.7416637891102935,956.4,1097.2,67.05202312138728,87.86127167630057,805.0,1277.0,15.727272727272727,250.0,,0.0022241576689724465,0.02404894259071995,0.04891598223941894,0.0013830578177786972,0.07657214031689004,0.491637732490223,0.31406909211620027,0.6388221882917541,-3.017651100738346,-25.695317577042715,4.6273296969969095,-4.508382170832005,4.732058965136943,,,,,-17.48294665564275,-17.541312863502014,0.006378610739521909,-0.013888748279540938,-25.0,-22.239000000000004,-0.019075666433414226,-24.0,0.13436619882715395,-18.200000000000045,-36.200000000000045,-8.095905872695553,-0.3044087970721989,-74.0,67.0,-1.172727272727272,-15.625,,0.001860050882146088,0.016698409539624957,-0.0031910779627808833,-0.0013188188172996596,0.014048563641690506,0.3505717613421391,0.19650491165864434,-0.19457639466021093,-0.06319627385276894
2024-03-12 14:37:02.601394,olkb84nv,GroupC,Window 5,1029.5549132947976,101.53046078393544,46.23789043600725,91.9719787144176,,,,,99.15444846885484,99.44329399336208,0.09861587708713475,0.09630807175844486,1048.0,78.5778,0.07497881679389312,110.0,1.0239627404697524,971.0,1102.6,58.95953757225434,83.23699421965318,687.0,1283.0,17.3,351.5625,,0.004695773593085549,0.011799757216780763,0.011754485940316986,0.0009073821051933917,0.029157398855376687,1.0038514041952697,0.4046916967905339,0.40313904537988077,-4.443520329097595,-25.267571912302856,22.011420141210365,36.38109424752053,12.625811192849525,,,,,-31.784718613384058,-31.884848250607675,0.023229694333254072,-0.027825769640025824,-19.0,-22.239000000000004,-0.0195074062614021,-29.0,0.4166651501866129,-3.6000000000000227,-30.800000000000182,-16.18839142182849,-4.92868625371959,-192.0,73.0,0.40000000000000213,85.9375,,0.00433166680625919,0.0044492241656857705,-0.04035257426188284,-0.0017944945298849651,-0.033366177819822845,0.8627854330471858,0.28712751633297795,-0.43025953757208424,-1.4890655022120178
2024-03-12 14:37:02.601394,olkb84nv,GroupC,Window 6,1086.189024390244,85.4216944989204,22.022887349654546,83.92299867521493,,,,,131.05454772165524,131.4537995508109,0.07864348891471606,0.1206553783723101,1104.5,92.6625,0.08389542779538252,135.7500000000001,0.6518025965825027,997.4,1155.4,78.65853658536585,91.46341463414635,864.0,1269.0,16.4,335.9375,,0.002973572254011865,0.017606815943229045,0.045743245228983924,0.0021242095849088472,0.06844784301113367,0.384905265358676,0.25722966814841974,0.6682934511397731,-3.0847111434293533,31.36653918314346,5.902653856195329,12.166091161167829,4.57683115364685,,,,,0.11538063941634391,0.1256573068411626,0.003257306160835388,-0.0034784630261605887,37.5,-8.154300000000006,-0.010590795259912703,-3.2499999999998863,0.04450500629936316,22.799999999999955,22.0,3.5106075912830192,3.2977341607735724,-15.0,59.0,-0.5,70.3125,,0.0026094654671855065,0.010256282892134053,-0.006363814973215899,-0.0005776670501695096,0.005924266335934139,0.24383929421059206,0.13966548769086382,-0.16510513181219189,-0.13025631654377623
2024-03-12 14:37:02.601394,olkb84nv,GroupC,Window 7,1078.0421686746988,84.86776540574942,8.894406466556257,84.24109528587331,,,,,130.80017143904993,131.18947328562925,0.07872397562154958,0.12133121990937548,1088.5,94.8864,0.0871717041800643,127.75000000000011,0.6488352765294041,1000.9999999999999,1152.0,75.30120481927712,89.1566265060241,787.0,1232.0,16.6,351.5625,,0.0024932060558179835,0.013604182711556884,0.061692068212283985,0.0011437109532484292,0.07893316793290729,0.22051753338443028,0.17235064888210688,0.7815734478656915,-2.7855999104304643,23.219683467598315,5.34872476302435,-0.9623897219304602,4.894927764305237,,,,,-0.13899564318896296,-0.13866895834050297,0.003337792867668901,-0.0028026214890952,21.5,-5.930400000000006,-0.0073145188752309215,-11.249999999999886,0.04153768624626453,26.399999999999864,18.59999999999991,0.15327582519428518,0.9909460326513226,-92.0,22.0,-0.29999999999999716,85.9375,,0.0021290992689916247,0.006253649660461892,0.009585008010084162,-0.0015581656818299276,0.01640959125770776,0.07945156223634636,0.054786468424550955,-0.05182513508627351,0.16885491645511275
2024-03-12 14:37:21.198076,90x8j3by,GroupC,Baseline,941.7473684210527,222.58400558733481,28.89231105724037,223.30626382113667,,,,,334.90308161328414,335.7925797143851,0.23635213970443303,0.3556188133286611,1027.0,119.3493,0.11621158714703018,183.5,0.6646221483394851,668.4000000000001,1106.0,72.10526315789474,87.89473684210526,443.0,1236.0,17.272727272727273,640.625,,0.004203704780004211,0.0171894355310067,0.08519393644890237,0.02480551351710103,0.1313925902770143,0.20176829769236665,0.13082499929993238,0.6483922439559829,-2.4628250161195737,,,,,,,,,,,,,,,,,,,,,,,,,,,,,,,,,,,
2024-03-12 14:37:21.198076,90x8j3by,GroupC,Window 1,959.8387096774194,208.37849089201643,19.93974593213979,210.09957337240283,,,,,310.8845966471038,311.7281789946466,0.21709740271055317,0.32389253893665665,1033.5,100.8168,0.0975489114658926,148.75,0.6702760224835271,919.0,1107.0,76.34408602150538,91.39784946236558,498.0,1199.0,20.666666666666668,578.125,,0.000635637817209453,0.021802018934406732,0.11045901201991555,0.0242079254442107,0.1571045942157424,0.19737655204154705,0.13877391073915582,0.7030921824490298,-2.2031107587830667,18.091341256366718,-14.205514695318385,-8.95256512510058,-13.206690448733838,,,,,-24.018484966180324,-24.0644007197385,-0.019254736993879862,-0.03172627439200443,6.5,-18.5325,-0.01866267568113758,-34.75,0.005653874144042059,250.5999999999999,1.0,4.238822863610636,3.5031126202603247,55.0,-37.0,3.3939393939393945,-62.5,,-0.0035680669627947584,0.004612583403400032,0.02526507557101318,-0.0005975880728903288,0.025712003938728106,-0.004391745650819595,0.007948911439223438,0.054699938493046885,0.259714257336507
2024-03-12 14:37:21.198076,90x8j3by,GroupC,Window 2,934.7239583333334,202.36611332162008,7.448606140353701,200.4725786329269,,,,,300.1301724566328,300.90555117881877,0.2164982629550338,0.3210896326994573,1004.5,120.0906,0.11955261324041812,169.0,0.6742611436404679,886.2,1088.0,77.60416666666666,89.0625,493.0,1176.0,17.454545454545453,539.0625,,0.0013816178628359955,0.013880139709136105,0.06842509017631268,0.015920283430342155,0.09960713117862693,0.20285161003618402,0.1393488552967623,0.6869497130040314,-2.6820157061708016,-7.023410087719299,-20.217892265714738,-21.44370491688667,-22.833685188209756,,,,,-34.77290915665134,-34.887028535566344,-0.01985387674939923,-0.03452918062920379,-22.5,0.7412999999999954,0.003341026093387933,-14.5,0.009638995300982778,217.79999999999995,-18.0,5.498903508771917,1.1677631578947398,50.0,-60.0,0.18181818181817988,-101.5625,,-0.002822086917168216,-0.0033092958218705944,-0.01676884627258969,-0.008885230086758875,-0.03178545909838737,0.0010833123438173664,0.008523855996829921,0.038557469048048465,-0.21919069005122793
2024-03-12 14:37:21.198076,90x8j3by,GroupC,Window 3,922.0515463917526,214.45341396036184,9.952084234624655,213.36653674160004,,,,,325.81627264965766,326.6594472597175,0.23258289061992082,0.35336014990123765,994.5,135.65789999999998,0.13640814479638008,193.5,0.658203509040073,636.0,1089.4,76.80412371134021,89.69072164948454,484.0,1202.0,27.714285714285715,500.0,,0.0012647984651388854,0.01809409639592423,0.08637407669898393,0.019567923973751542,0.12530089553379858,0.20948526557317262,0.14440516421563437,0.6893332751615127,-2.4490676863987995,-19.695822029300075,-8.130591626972972,-18.940226822615713,-9.939727079536624,,,,,-9.086808963626481,-9.133132454667589,-0.003769249084512205,-0.002258663427423424,-32.5,16.308599999999984,0.020196557649349897,10.0,-0.00641863929941211,-32.40000000000009,-16.59999999999991,4.698860553445471,1.7959848073792841,41.0,-34.0,10.441558441558442,-140.625,,-0.002938906314865326,0.0009046608649175315,0.0011801402500815628,-0.005237589543349488,-0.00609169474321572,0.007716967880805975,0.013580164915701992,0.04094103120552972,0.013757329720774258
2024-03-12 14:37:21.198076,90x8j3by,GroupC,Window 4,931.8177083333334,219.34770766421974,6.064387892526091,220.7199521728273,,,,,335.0204807367588,335.90024188635397,0.23539765954496525,0.3595343571394267,1001.5,131.9514,0.13175376934598104,191.5,0.6547292487368002,632.0000000000001,1101.6,81.25,89.58333333333334,479.0,1268.0,24.0,23.4375,,0.000499192628790494,0.018319974068042564,0.07405438321909251,0.02393114469662238,0.11680469461254794,0.24738541152712423,0.15684278897189557,0.6340017707741782,-2.6029555473247727,-9.929660087719299,-3.2362979231150746,-22.827923164714278,-2.586311648309362,,,,,0.11739912347468362,0.10766217196885464,-0.0009544801594677799,0.003915543810765643,-25.5,12.602100000000007,0.015542182198950857,8.0,-0.009892899602684913,-36.39999999999998,-4.400000000000091,9.14473684210526,1.6885964912280826,36.0,32.0,6.727272727272727,-617.1875,,-0.0037045121512137174,0.001130538537035864,-0.011139553229809862,-0.0008743688204786507,-0.01458789566446636,0.04561711383475758,0.026017789671963193,-0.014390473181804753,-0.14013053120519903
2024-03-12 14:37:21.198076,90x8j3by,GroupC,Window 5,930.7604166666666,219.2077235613185,5.475249839013299,220.6828112769161,,,,,333.46309952295394,334.33922518593795,0.23551466052495804,0.358269532687247,989.0,169.7577,0.1716458038422649,256.25,0.657367258550985,664.2,1111.8,78.125,90.10416666666666,488.0,1254.0,24.0,39.0625,,0.0021438849773870866,0.024947956476034743,0.08975961560718439,0.01768737413263089,0.13453883119323712,0.2779418818504599,0.18543312926661434,0.6671651211111186,-2.4106201196680748,-10.986951754386041,-3.3762820260163267,-23.417061218227072,-2.623452544220555,,,,,-1.4399820903302043,-1.4533545284471643,-0.0008374791794749925,0.002650719358585907,-38.0,50.4084,0.055434216695234725,72.75,-0.007254889788500085,-4.2000000000000455,5.7999999999999545,6.01973684210526,2.209429824561397,45.0,18.0,6.727272727272727,-601.5625,,-0.0020598198026171247,0.007758520945028043,0.0045656791582820155,-0.007118139384470139,0.0031462409162228144,0.07617358415809328,0.05460812996668196,0.018772877155135648,0.05220489645149895
2024-03-12 14:37:21.198076,90x8j3by,GroupC,Window 6,928.5052083333334,215.68922760459876,14.374123495618582,216.83285532076357,,,,,339.3620593552599,340.2532183190445,0.23229727272263864,0.36549289794982914,987.5,149.74259999999998,0.15163807594936707,234.5,0.6355726035325749,670.4,1097.8,78.125,90.10416666666666,480.0,1305.0,24.0,500.0,,0.0005640622054266005,0.01164563320613328,0.07054068966668729,0.014478123788266586,0.09722850886651375,0.16509100295390092,0.11977591080946964,0.7255144657575022,-2.651565577263033,-13.242160087719299,-6.894777982736059,-14.518187561621788,-6.473408500373097,,,,,4.45897774197573,4.46063860465938,-0.004054866981794386,0.009874084621168067,-39.5,30.393299999999982,0.03542648880233688,51.0,-0.029049544806910133,1.9999999999998863,-8.200000000000045,6.01973684210526,2.209429824561397,37.0,69.0,6.727272727272727,-140.625,,-0.003639642574577611,-0.00554380232487342,-0.01465324678221508,-0.010327389728834444,-0.03416408141050055,-0.03667729473846573,-0.011049088490462738,0.07712222180151929,-0.18874056114345938
2024-03-12 14:37:21.198076,90x8j3by,GroupC,Window 7,926.5989583333334,219.43874289588427,10.959251767814711,219.93565945347493,,,,,349.83574305725085,350.7488703036534,0.23682170255251214,0.3775481721741818,997.5,154.19039999999998,0.15457684210526315,232.5,0.627262214484393,637.2,1111.4,80.72916666666666,91.66666666666666,491.0,1227.0,27.428571428571427,39.0625,,0.00034095903821106783,0.0040663463392754335,0.05836378834529824,0.012321468783105739,0.07509256250589048,0.06967241939844052,0.05415111967921533,0.7772246198246333,-2.841059644046771,-15.148410087719299,-3.14526269145054,-17.933059289425657,-3.370604367661741,,,,,14.932661443966708,14.956290589268292,0.00046956284807911364,0.02192935884552072,-29.5,34.84109999999998,0.03836525495823297,49.0,-0.037359933855092065,-31.200000000000045,5.400000000000091,8.623903508771917,3.771929824561397,48.0,-9.0,10.155844155844154,-601.5625,,-0.0038627457417931433,-0.013123089191731267,-0.02683014810360413,-0.012484044733995291,-0.05630002777112382,-0.13209587829392613,-0.07667387962071706,0.12883237586865037,-0.3782346279271973
2024-03-12 14:37:37.758845,518oj41e,GroupC,Baseline,741.8921161825726,77.13168380062618,61.1713048410356,57.784722546048215,,,,,32.29828426815682,32.365524547255035,0.103966172598665,0.04353501481367476,745.0,87.4734,0.11741395973154362,114.0,2.388104679500608,670.0,805.0,11.618257261410788,43.56846473029046,590.0,910.0,16.066666666666666,101.5625,,0.0005828149773223676,0.003323700840795475,0.0018600585233778304,3.980715883805937e-05,0.005806381500333732,1.7868797132037,0.5724220567671,0.3203472805345154,-6.287147327570385,,,,,,,,,,,,,,,,,,,,,,,,,,,,,,,,,,,
2024-03-12 14:37:37.758845,518oj41e,GroupC,Window 1,779.8304347826087,68.1194810498443,55.13465285276983,50.237744743823434,,,,,32.442020839602534,32.51184333589815,0.0873516575033825,0.04160137818761371,783.0,88.95599999999999,0.11360919540229884,119.0,2.099729896193448,716.0,849.2,10.434782608695652,43.47826086956522,643.0,901.0,16.428571428571427,125.0,,0.0023960328233465803,0.007109867115837342,0.0034003102424483293,8.965070396993303e-05,0.012995860885602185,2.090946592778551,0.5470870439767634,0.2616456325887156,-5.6838886037439265,37.93831860003604,-9.012202750781881,-6.036651988265767,-7.546977802224781,,,,,0.1437365714457144,0.14631878864311432,-0.0166145150952825,-0.0019336366260610527,38.0,1.4825999999999908,-0.0038047643292447725,5.0,-0.28837478330716015,46.0,44.200000000000045,-1.1834746527151356,-0.09020386072523934,53.0,-9.0,0.3619047619047606,23.4375,,0.0018132178460242127,0.003786166275041867,0.001540251719070499,4.984354513187366e-05,0.007189479385268453,0.3040668795748509,-0.025335012790336564,-0.058701647945799795,0.6032587238264586
2024-03-12 14:37:37.758845,518oj41e,GroupC,Window 2,812.9863636363636,67.6180165357759,33.73773439701188,62.049640293262485,,,,,40.94873730358472,41.0408747411947,0.08317238709064055,0.05036829538004461,824.0,65.9757,0.08006759708737865,86.75,1.6512845325234606,755.8,872.2,16.818181818181817,50.90909090909091,654.0,943.0,11.578947368421053,203.125,,0.006352790281778554,0.02398343040738079,0.014127809980708646,0.0002285905408853992,0.04469262121075339,1.6976042599758825,0.5366306508245301,0.31611057033525225,-4.259610085047574,71.09424745379101,-9.513667264850284,-27.433570444023722,4.26491774721427,,,,,8.650453035427901,8.675350193939664,-0.02079378550802445,0.006833280566369844,79.0,-21.497699999999995,-0.037346362644164965,-27.25,-0.7368201469771474,85.79999999999995,67.20000000000005,5.199924556771029,7.3406261788004485,64.0,33.0,-4.487719298245613,101.5625,,0.005769975304456186,0.020659729566585315,0.012267751457330816,0.00018878338204733982,0.03888623971041966,-0.08927545322781749,-0.03579140594256991,-0.004236710199263138,2.0275372425228113
2024-03-12 14:37:37.758845,518oj41e,GroupC,Window 3,811.1454545454545,74.16448907955689,40.93047941933671,66.63433001532009,,,,,33.60358482724736,33.6792552982236,0.09143180013394367,0.0414273231008586,832.0,68.9409,0.08286165865384615,115.25,2.207040988657283,742.2,875.2,11.818181818181818,40.45454545454545,640.0,942.0,12.222222222222221,257.8125,,0.0074890182283976585,0.04932194324076189,0.00530546679343575,0.00013472243479234383,0.062251150697387646,9.296438025356418,0.792305727496081,0.08522680679794073,-5.2390175195646185,69.25333836288189,-2.9671947210692906,-20.240825421698887,8.849607469271874,,,,,1.30530055909054,1.313730750968567,-0.012534372464721333,-0.002107691712816162,87.0,-18.5325,-0.03455230107769747,1.25,-0.1810636908433252,72.20000000000005,70.20000000000005,0.19992455677103038,-3.1139192757450047,50.0,32.0,-3.844444444444445,156.25,,0.00690620325107529,0.045998242399966416,0.00344540827005792,9.491527595428446e-05,0.056444769197053914,7.509558312152718,0.21988367072898096,-0.23512047373657466,1.0481298080057666
2024-03-12 14:37:37.758845,518oj41e,GroupC,Window 4,752.0588235294117,69.54818553844699,29.066208070434154,64.69839065945848,,,,,34.557174540698306,34.629010197792816,0.09247705546762604,0.04595009520468293,757.0,79.31909999999999,0.10478084544253631,106.75,2.0125541645929252,683.4,817.6,12.184873949579831,50.84033613445378,611.0,904.0,17.0,140.625,,0.00822634308627926,0.027990944172520377,0.007078491734121711,0.0002731374988320802,0.04356891649175343,3.9543655942396114,0.6424521522773788,0.1624665542339457,-4.950694425874741,10.166707346839075,-7.583498262179191,-32.10509677060145,6.913668113410267,,,,,2.2588902725414854,2.263485650537781,-0.011489117131038964,0.0024150803910081634,12.0,-8.154300000000006,-0.012633114289007305,-7.25,-0.37555051490768276,13.399999999999977,12.600000000000023,0.5666166881690433,7.271871404163321,21.0,-6.0,0.9333333333333336,39.0625,,0.007643528108956892,0.024667243331724903,0.00521843321074388,0.00023333033999402083,0.0377625349914197,2.1674858810359114,0.07003009551027883,-0.15788072630056968,1.336452901695644
2024-03-12 14:37:37.758845,518oj41e,GroupC,Window 5,819.0963302752293,77.84579395343494,43.69547824583591,64.60947166809511,,,,,38.803653208224446,38.88326069286853,0.09503863108174043,0.0473737358769338,836.0,63.751799999999996,0.07625813397129186,101.25,2.0061460073283897,755.2,881.6,12.844036697247708,45.87155963302752,616.0,957.0,10.380952380952381,265.625,,0.004346806743128389,0.047189047490764774,0.008235178795497903,0.00015427559803853492,0.0599253086274296,5.730178865887234,0.7874644048001606,0.13742405311081562,-4.799340203930924,77.20421409265668,0.7141101528087574,-17.475826595199692,6.824749122046896,,,,,6.505368940067626,6.5177361456134975,-0.00892754151692457,0.0038387210632590332,91.0,-23.721600000000002,-0.04115582576025176,-12.75,-0.38195867217221835,85.20000000000005,76.60000000000002,1.2257794358369196,2.3030949027370653,26.0,47.0,-5.685714285714285,164.0625,,0.003763991765806021,0.0438653466499693,0.006375120272120073,0.00011446843920047555,0.054118927127095866,3.9432991526835344,0.21504234803306055,-0.18292322742369976,1.4878071236394614
2024-03-12 14:37:37.758845,518oj41e,GroupC,Window 6,837.1220657276996,55.75150502626608,19.34861568358151,53.56201289460327,,,,,27.744453805781294,27.81009552049046,0.066599015016767,0.03314266215365305,847.0,45.9606,0.054262809917355374,65.0,2.0094648615734787,798.8,883.0,8.450704225352112,33.33333333333333,658.0,967.0,10.142857142857142,242.1875,,0.006856168295210249,0.03266043285889175,0.008696802168132754,0.00022652691745528867,0.048439930239690045,3.755453122593463,0.6742460754439917,0.1795378755728861,-4.744799887772156,95.22994954512694,-21.380178774360097,-41.82268915745409,-4.222709651444944,,,,,-4.553830462375526,-4.555429026764575,-0.037367157581898,-0.010392352660021711,102.0,-41.5128,-0.06315114981418823,-49.0,-0.3786398179271293,128.79999999999995,78.0,-3.167553036058676,-10.23513139695713,68.0,57.0,-5.923809523809524,140.625,,0.0062733533178878816,0.02933673201809628,0.006836743644754924,0.0001867197586172293,0.04263354873935631,1.968573409389763,0.10182401867689173,-0.14080940496162928,1.5423474397982293
2024-03-12 14:37:37.758845,518oj41e,GroupC,Window 7,775.012987012987,86.64828860145306,56.720015148955284,72.45491640457857,,,,,32.450363433350354,32.50542330354699,0.11180236983564391,0.04187073504202657,782.0,100.8168,0.12892173913043478,135.5,2.6701792964328295,695.0,857.0,11.255411255411255,42.42424242424242,608.0,968.0,19.25,132.8125,,0.0012275789915440602,0.008136560056139462,0.0018060136150001417,5.866502649952903e-05,0.011228817689183193,4.505259533239357,0.7246141384927349,0.16083737976616083,-6.316633285255992,33.12087083041433,9.516604800826883,-4.451289692080316,14.670193858530354,,,,,0.15207916519353404,0.1398987562919558,0.007836197236978912,-0.0016642797716481944,37.0,13.343400000000003,0.011507779398891166,21.5,0.28207461693222147,25.0,52.0,-0.36284600599953265,-1.1442223060480359,18.0,58.0,3.1833333333333336,31.25,,0.0006447640142216925,0.004812859215343987,-5.404490837768866e-05,1.8857867661469656e-05,0.005422436188849461,2.7183798200356573,0.15219208172563492,-0.15950990076835456,-0.02948595768560658
2024-03-12 14:37:49.274064,3d8fktvx,GroupC,Baseline,979.8681318681319,119.46877895315203,58.534710228545144,104.52576688018564,,,,,114.47731324860304,114.78978170568706,0.12192332321838366,0.11682930541924094,949.0,100.07549999999999,0.1054536354056902,126.75,1.0436022261782938,881.2,1062.6,44.505494505494504,75.27472527472527,798.0,1364.0,15.166666666666666,187.5,,0.001000820094143562,0.008353908064176113,0.010760676107701457,0.000508716723278109,0.020624120989299242,0.7763367264810794,0.40505522967551005,0.5217519870681809,-4.531856890934313,,,,,,,,,,,,,,,,,,,,,,,,,,,,,,,,,,,
2024-03-12 14:37:49.274064,3d8fktvx,GroupC,Window 1,845.0990566037735,93.4858105615872,28.009066361620857,80.94133903652265,,,,,65.36659291407433,65.51378250786567,0.11062112758388537,0.07734784745443349,839.5,71.1648,0.08477045860631328,96.5,1.4301771959336496,778.2,906.8,22.169811320754718,57.07547169811321,675.0,1378.0,15.142857142857142,210.9375,,0.0013642857668136478,0.004268808201181717,0.0018340478810529308,0.00010727975443418548,0.007574421603482481,2.3275336730745466,0.5635820693185408,0.24213702076072624,-6.301229798044311,-134.76907526435832,-25.982968391564825,-30.525643866924288,-23.584427843662993,,,,,-49.11072033452871,-49.27599919782139,-0.011302195634498288,-0.039481457964807454,-109.5,-28.91069999999999,-0.02068317679937691,-30.25,0.38657496975535577,-103.0,-155.79999999999995,-22.335683184739786,-18.19925357661206,-123.0,14.0,-0.023809523809523725,23.4375,,0.00036346567267008575,-0.004085099862994396,-0.008926628226648527,-0.00040143696884392357,-0.013049699385816762,1.5511969465934672,0.15852683964303077,-0.2796149663074547,-1.7693729071099975
2024-03-12 14:37:49.274064,3d8fktvx,GroupC,Window 2,916.6153846153846,93.79628490011024,59.30311285421279,76.72383929682651,,,,,63.53219818474383,63.69079934379239,0.10232894458723003,0.06931173014448386,912.0,88.95599999999999,0.09753947368421051,115.0,1.4763582495188057,835.6,989.0,35.8974358974359,66.66666666666666,745.0,1338.0,17.727272727272727,125.0,,0.0020466705215530915,0.007206591921337564,0.004894788029358897,0.00019990663052593444,0.014347957102775486,1.472299081821825,0.502273032301129,0.3411487777874694,-5.319584307439045,-63.25274725274721,-25.672494053041788,0.7684026256676475,-27.80192758335913,,,,,-50.94511506385921,-51.09898236189467,-0.019594378631153625,-0.047517575274757085,-37.0,-11.119500000000002,-0.007914161721479684,-11.75,0.4327560233405119,-45.60000000000002,-73.59999999999991,-8.608058608058606,-8.608058608058613,-53.0,-26.0,2.5606060606060606,-62.5,,0.0010458504274095295,-0.001147316142838549,-0.00586588807834256,-0.0003088100927521746,-0.006276163886523757,0.6959623553407455,0.09721780262561891,-0.18060320928071155,-0.7877274165047314
2024-03-12 14:37:49.274064,3d8fktvx,GroupC,Window 3,897.455,83.87252815969897,28.584962419688303,80.08736025822174,,,,,62.82171471072706,62.970667047287066,0.09345597067228882,0.06999984925230464,893.0,72.64739999999999,0.08135207166853302,97.25,1.3350881704821949,833.0,961.8000000000001,32.0,74.5,732.0,1218.0,13.333333333333334,179.6875,,0.006177036639269207,0.017039209769222054,0.010268507965793892,0.0005647163794471795,0.03404947075373233,1.6593656864251842,0.5004250988939175,0.30157614020089607,-4.578673546433938,-82.41313186813181,-35.59625079345305,-29.94974780885684,-24.438406621963907,,,,,-51.65559853787598,-51.8191146584,-0.028467352546094837,-0.046829456166936304,-56.0,-27.4281,-0.024101563737157175,-29.5,0.29148594430390107,-48.200000000000045,-100.79999999999984,-12.505494505494504,-0.7747252747252702,-66.0,-146.0,-1.8333333333333321,-7.8125,,0.005176216545125645,0.008685301705045941,-0.000492168141907565,5.5999656169070404e-05,0.01342534976443309,0.8830289599441048,0.09536986921840745,-0.22017584686728486,-0.04681665549962499
2024-03-12 14:37:49.274064,3d8fktvx,GroupC,Window 4,902.8383838383838,60.05424063873058,10.361067710429518,59.19981772175557,,,,,58.357858030505454,58.503613529609964,0.06651715491250185,0.06463821108535416,901.0,54.856199999999994,0.06088368479467258,73.25,1.0290686235834492,856.8,943.6,28.78787878787879,66.16161616161617,767.0,1181.0,13.2,218.75,,0.010996205752574663,0.03662606954382143,0.026513601956803166,0.0019560359413594943,0.07609191319455876,1.381406781451039,0.48133984291040954,0.3484417836756288,-3.630097396284995,-77.02974802974802,-59.41453831442144,-48.17364251811563,-45.32594915843007,,,,,-56.119455218097585,-56.2861681760771,-0.05540616830588181,-0.05219109433388679,-48.0,-45.2193,-0.044569950611017616,-53.5,-0.014533602594844597,-24.40000000000009,-118.99999999999989,-15.717615717615715,-9.113109113109104,-31.0,-183.0,-1.9666666666666668,31.25,,0.0099953856584311,0.028272161479645317,0.015752925849101707,0.0014473192180813853,0.05546779220525951,0.6050700549699595,0.07628461323489949,-0.17331020339255215,0.9017594946493181
2024-03-12 14:37:49.274064,3d8fktvx,GroupC,Window 5,899.6381909547739,93.5468323740354,48.11725527826338,81.28837874059103,,,,,75.80277439553652,75.98969859237619,0.10398272696133032,0.08425917792027932,881.0,75.6126,0.08582587968217935,97.5,1.2340819068957944,827.0,949.0,32.1608040201005,64.82412060301507,747.0,1312.0,15.307692307692308,117.1875,,0.003003540874236067,0.020076496932928494,0.008632775853342737,0.0003156283649426302,0.03202844202544993,2.3256131369557775,0.6268333913018819,0.2695346794103534,-4.752189174001563,-80.22994091335795,-25.92194657911662,-10.417454950281765,-23.237388139594614,,,,,-38.67453885306652,-38.800083113310876,-0.01794059625705334,-0.032570127498961626,-68.0,-24.46289999999999,-0.019627755723510845,-29.25,0.19047968071750065,-54.200000000000045,-113.59999999999991,-12.344690485394004,-10.450604671710195,-51.0,-52.0,0.1410256410256423,-70.3125,,0.002002720780092505,0.011722588868752382,-0.00212790025435872,-0.00019308835833547886,0.011404321036150689,1.549276410474698,0.22177816162637182,-0.2522173076578275,-0.2203322830672496
2024-03-12 14:37:49.274064,3d8fktvx,GroupC,Window 6,974.5326086956521,128.7407655842242,87.88850041587312,99.9493976054368,,,,,114.72073480646608,115.02724790049895,0.13210513884859662,0.11771872360434635,971.5,134.9166,0.13887452393206381,187.5,1.1222100852248715,856.6,1081.0,38.04347826086957,67.3913043478261,543.0,1466.0,26.285714285714285,281.25,,0.0005565932569574562,0.005003706909198202,0.007903434655834997,0.00042825461069825947,0.013891989432688913,0.6331053683734874,0.3601864897351633,0.5689202899361275,-4.840457847431366,-5.335523172479725,9.271986631072167,29.35379018732798,-4.576369274748842,,,,,0.2434215578630443,0.23746619481188702,0.010181815630212962,0.0008894181851054062,22.5,34.8411,0.03342088852637362,60.75,0.07860785904657774,-24.600000000000023,18.40000000000009,-6.462016244624934,-7.883420926899177,-255.0,102.0,11.119047619047619,93.75,,-0.00044422683718610585,-0.0033502011549779104,-0.002857241451866461,-8.046211257984958e-05,-0.00673213155661033,-0.14323135810759202,-0.044868739940346736,0.0471683028679466,-0.30860095649705244
2024-03-12 14:37:49.274064,3d8fktvx,GroupC,Window 7,972.2119565217391,105.05337528865545,24.621909490733366,100.3413224230157,,,,,98.4228082322785,98.69112102232037,0.10805604126131357,0.10123595741858964,945.0,97.1103,0.10276222222222221,137.0,1.0673681962084314,881.6,1047.8,50.54347826086957,75.54347826086956,811.0,1332.0,18.4,78.125,,0.0052717973369406776,0.02701660169109786,0.02804809019637279,0.000608568740142458,0.06094505796455379,0.9632242873559953,0.44329438010890015,0.4602192718019207,-3.573834735022177,-7.656175346392729,-14.41540366449658,-33.91280073781178,-4.1844444571699455,,,,,-16.05450501632454,-16.09866068336669,-0.013867281957070085,-0.015593348000651305,-4.0,-2.965199999999996,-0.0026914131834679805,10.25,0.023765970030137584,0.39999999999997726,-14.799999999999955,6.037983755375066,0.26875298614429255,13.0,-32.0,3.2333333333333325,-109.375,,0.004270977242797115,0.018662693626921748,0.017287414088671335,9.9852016864349e-05,0.040320936975254545,0.18688756087491587,0.0382391504333901,-0.06153271526626025,0.9580221559121362
2024-03-12 14:38:02.992334,7va8p4lw,GroupC,Baseline,676.3825757575758,42.7364529420761,20.174818824124184,38.29203215458744,,,,,21.020811704471093,21.060599793675078,0.06318384664804463,0.031078286842216384,673.0,42.2541,0.06278469539375929,55.25,2.0330543626431954,637.8,712.0,3.787878787878788,28.030303030303028,594.0,833.0,10.153846153846153,101.5625,,0.009927406967421084,0.038177769439705446,0.008018646208667912,0.00045622241565648113,0.05658004503145092,4.761124065859951,0.6747567878124474,0.14172216024590684,-4.825985673264092,,,,,,,,,,,,,,,,,,,,,,,,,,,,,,,,,,,
2024-03-12 14:38:02.992334,7va8p4lw,GroupC,Window 1,638.3857142857142,37.063751280546,4.968579608421466,36.630772312049785,,,,,15.770645568547456,15.768545204601955,0.0580585537099877,0.024703944990675634,636.0,28.1694,0.04429150943396226,38.0,2.350173372386539,614.8,664.0,1.4285714285714286,15.714285714285714,556.0,873.0,8.75,140.625,,0.006219458082371594,0.03012384183806853,0.003887687916504702,0.0002936789232162599,0.04052466676016108,7.748523668831918,0.7433458248121271,0.09593386515707523,-5.549940663994333,-37.99686147186151,-5.672701661530098,-15.206239215702718,-1.6612598425376532,,,,,-5.250166135923637,-5.292054589073123,-0.005125292938056934,-0.00637434185154075,-37.0,-14.084700000000002,-0.01849318595979703,-17.25,0.3171190097433434,-23.0,-48.0,-2.3593073593073592,-12.316017316017314,-38.0,40.0,-1.4038461538461533,39.0625,,-0.0037079488850494903,-0.008053927601636916,-0.00413095829216321,-0.00016254349244022121,-0.01605537827128984,2.9873996029719674,0.06858903699967966,-0.0457882950888316,-0.7239549907302409
2024-03-12 14:38:02.992334,7va8p4lw,GroupC,Window 2,632.6395759717315,43.35222869879813,23.07965274033754,38.6370751899743,,,,,14.600349748069648,14.626166171692311,0.06852595118193373,0.02307846410911549,634.0,38.547599999999996,0.060800630914826494,52.5,2.9692596031495646,598.4,668.0,1.0600706713780919,13.427561837455832,540.0,748.0,11.32,156.25,,0.007563870343641671,0.012756625819388339,0.0017928240474843577,0.00010944954371514977,0.02222276975422952,7.115380807886916,0.5740340182825523,0.08067509438795949,-6.323963222200515,-43.74299978584429,0.6157757567220301,2.904833916213356,0.3450430353868583,,,,,-6.420461956401445,-6.434433621982766,0.0053421045338891,-0.007999822733100893,-39.0,-3.7065000000000055,-0.001984064478932797,-2.75,0.9362052405063692,-39.39999999999998,-44.0,-2.727808116500696,-14.602741192847196,-54.0,-85.0,1.166153846153847,54.6875,,-0.002363536623779413,-0.025421143620317107,-0.006225822161183554,-0.0003467728719413314,-0.034357275277221405,2.3542567420269647,-0.10072276952989512,-0.06104706585794735,-1.497977548936423
2024-03-12 14:38:02.992334,7va8p4lw,GroupC,Window 3,641.8351254480286,36.246379912052056,11.52879064842981,33.46118783684278,,,,,16.429377968494567,16.456544939163297,0.056473038752359525,0.02559750521136741,636.0,31.1346,0.04895377358490566,39.5,2.206193075693987,615.0,665.0,1.4336917562724014,13.261648745519713,575.0,772.0,8.454545454545455,93.75,,0.00394888147777977,0.03773365489543067,0.003697233758752302,0.00026368928869574423,0.04564345942065849,10.205915383658233,0.8267045349843094,0.0810024876659308,-5.600170371718361,-34.547450309547116,-6.490073030024043,-8.646028175694374,-4.830844317744656,,,,,-4.591433735976526,-4.60405485451178,-0.006710807895685109,-0.005480781630848974,-37.0,-11.119500000000002,-0.013830921808853633,-15.75,0.17313871305079154,-22.799999999999955,-47.0,-2.3541870316063864,-14.768654284783315,-19.0,-61.0,-1.6993006993006983,-7.8125,,-0.005978525489641314,-0.0004441145442747735,-0.00432141244991561,-0.0001925331269607369,-0.01093658561079243,5.444791317798282,0.151947747171862,-0.06071967257997604,-0.7741846984542695
2024-03-12 14:38:02.992334,7va8p4lw,GroupC,Window 4,632.4770318021201,40.73824943520627,4.805003006182654,40.05437578014577,,,,,16.61388806377799,16.642817291738005,0.06441063846876868,0.026267970579801056,628.0,32.6172,0.05193821656050955,44.5,2.452059943994977,603.0,661.0,1.76678445229682,10.60070671378092,562.0,808.0,9.758620689655173,148.4375,,0.014092861953575274,0.04384630180318969,0.004901549172256406,5.643129706150211e-05,0.06289714422608286,8.945396702611319,0.6971111700331704,0.07792959811717141,-5.3182039662294915,-43.90554395545564,-1.998203506869828,-15.36981581794153,1.76234362555833,,,,,-4.406923640693105,-4.417782501937072,0.0012267918207240491,-0.0048103162624153276,-45.0,-9.636900000000004,-0.01084647883324974,-10.75,0.4190055813517817,-34.799999999999955,-51.0,-2.021094335581968,-17.429596316522108,-32.0,-25.0,-0.3952254641909807,46.875,,0.00416545498615419,0.005668532363484247,-0.003117097036411506,-0.00039979111859497903,0.006317099194631942,4.184272636751368,0.022354382220722946,-0.06379256212873542,-0.49221829296539976
2024-03-12 14:38:02.992334,7va8p4lw,GroupC,Window 5,612.0787671232877,34.53466749450313,12.951475945462201,31.967425528852967,,,,,14.134600863864392,14.157542142830097,0.056421933498547586,0.023092780901869347,608.5,31.875899999999998,0.05238438783894823,43.0,2.4432715028262475,584.0,635.0,1.36986301369863,9.58904109589041,550.0,794.0,9.419354838709678,93.75,,0.005004538149276153,0.03941208928659896,0.005977505419965075,8.600481767240408e-05,0.050480137673512594,6.593400844934614,0.7807444888819876,0.11841301738567818,-5.119751951904464,-64.30380863428809,-8.201785447572966,-7.223342878661983,-6.3246066257344715,,,,,-6.886210840606701,-6.90305765084498,-0.006761913149497048,-0.007985505940347037,-64.5,-10.378200000000003,-0.010400307554811063,-12.25,0.4102171401830521,-53.799999999999955,-77.0,-2.418015774180158,-18.441261934412616,-44.0,-39.0,-0.7344913151364754,-7.8125,,-0.004922868818144931,0.0012343198468935113,-0.002041140788702837,-0.000370217597984077,-0.0060999073579383264,1.8322767790746628,0.10598770106954014,-0.023309142860228657,-0.29376627864037186
2024-03-12 14:38:02.992334,7va8p4lw,GroupC,Window 6,622.4773519163763,36.76287666458437,10.819539589637053,34.482749369459185,,,,,14.157950149917623,14.182003937265145,0.05905897869441377,0.02274452252171193,621.0,32.6172,0.05252367149758454,43.0,2.596624248235418,593.0,648.0,1.0452961672473868,9.75609756097561,547.0,745.0,9.258064516129032,117.1875,,0.006212614716939636,0.04335842882021861,0.005693685371575273,0.00018142784538885122,0.05544615675412238,7.615178217728358,0.7819915997513199,0.10268854876315574,-5.16839754778657,-53.90522384119947,-5.9735762774917305,-9.355279234487131,-3.8092827851282536,,,,,-6.86286155455347,-6.878595856409932,-0.004124867953630866,-0.008333764320504453,-52.0,-9.636900000000004,-0.010261023896174754,-12.25,0.5635698855922224,-44.799999999999955,-64.0,-2.742582620631401,-18.27420546932742,-47.0,-88.0,-0.8957816377171213,15.625,,-0.003714792250481448,0.005180659380513167,-0.002324960837092639,-0.0002747945702676299,-0.0011338882773285416,2.8540541518684073,0.10723481193887252,-0.0390336114827511,-0.3424118745224778
2024-03-12 14:38:02.992334,7va8p4lw,GroupC,Window 7,632.2650176678445,40.872710367039694,12.825890265345002,39.72442523069259,,,,,15.210695192099221,15.237169550402912,0.0646449024141833,0.024057467623631902,631.0,31.1346,0.049341679873217116,41.5,2.6871033737018086,600.4,659.0,1.0600706713780919,13.074204946996467,549.0,765.0,7.648648648648648,117.1875,,0.008267448784463057,0.029338392803060918,0.003276483470981678,0.00010461555451792771,0.04098694061302358,8.954231896146494,0.7157985534967851,0.0799396935213207,-5.720984544215384,-44.11755808973123,-1.8637425750364045,-7.348928558779182,1.43239307610515,,,,,-5.810116512371872,-5.823430243272165,0.0014610557661386692,-0.0070208192185844814,-42.0,-11.119500000000002,-0.013443015520542174,-13.75,0.6540490110586132,-37.39999999999998,-53.0,-2.727808116500696,-14.95609808330656,-45.0,-68.0,-2.505197505197505,15.625,,-0.0016599581829580268,-0.008839376636644528,-0.004742162737686234,-0.00035160686113855344,-0.015593104418427338,4.193107830286543,0.041041765684337705,-0.061782466724586135,-0.8949988709512926
